Шаг,NFT lvl1,NFT lvl2,NFT lvl3,Активных NFT lvl1,Активных NFT lvl2,Активных NFT lvl3,Встречи,REWARD_POOL токены,Новые NFT,Стоимость новых NFT,Цена токена
1,2734,257,20,2601,243,20,79,697642000.00,11,1100.00,0.000167
2,2744,257,20,2479,241,20,72,696364000.00,10,1000.00,0.000167
3,2761,257,20,2518,245,14,72,689218000.00,17,1700.00,0.000164
4,2779,257,20,2546,229,14,79,686621661.77,18,1800.00,0.000163
5,2790,257,20,2561,227,20,65,684630253.65,11,1100.00,0.000155
6,2800,259,20,2587,239,20,63,683123520.60,12,3000.00,0.000153
7,2808,262,20,2590,245,20,66,681512942.49,11,3800.00,0.000151
8,2819,263,20,2600,241,20,66,679364648.02,12,2100.00,0.000149
9,2831,263,20,2618,244,18,63,675810109.13,12,1200.00,0.000148
10,2846,264,20,2593,249,16,87,671631028.09,16,2500.00,0.000146
11,2861,265,20,2583,245,16,80,667354255.69,16,2500.00,0.000143
12,2872,266,20,2624,248,18,68,665609610.87,12,2100.00,0.000139
13,2883,267,20,2663,253,20,61,663970652.91,12,2100.00,0.000136
14,2893,268,20,2660,250,20,76,661536282.70,11,2000.00,0.000134
15,2907,269,20,2679,241,20,65,658807949.55,15,2400.00,0.000133
16,2916,270,20,2739,248,18,48,655307562.17,10,1900.00,0.000131
17,2929,270,20,2727,255,18,73,652901850.72,13,1300.00,0.000129
18,2944,271,20,2722,252,20,62,650992693.67,16,2500.00,0.000126
19,2966,273,20,2733,254,16,86,643958971.37,24,4200.00,0.000125
20,2980,273,20,2756,253,14,58,639429031.46,14,1400.00,0.000123
21,2993,274,20,2784,255,16,72,634727316.01,14,2300.00,0.000118
22,3002,276,20,2774,259,18,64,632699072.58,11,2900.00,0.000115
23,3017,276,20,2773,266,18,77,628278684.19,15,1500.00,0.000112
24,3030,278,20,2802,254,18,65,624542808.45,15,3300.00,0.000111
25,3043,279,21,2841,246,20,68,621898573.01,15,12300.00,0.000109
26,3064,279,22,2850,254,20,71,618803414.11,22,12100.00,0.000106
27,3080,280,22,2871,257,21,65,616435149.98,17,2600.00,0.000105
28,3098,281,22,2882,259,20,73,610516577.45,19,2800.00,0.000103
29,3112,282,22,2888,262,20,67,608220666.23,15,2400.00,0.000102
30,3119,285,22,2904,263,22,64,605042831.15,10,3700.00,0.000099
31,3126,285,23,2918,266,22,59,602949407.91,8,10700.00,0.000098
32,3152,287,23,2817,265,22,138,597362333.82,28,4600.00,0.000096
33,3182,287,23,2696,247,23,154,590405127.85,30,3000.00,0.000095
34,3208,288,23,2758,247,21,121,581765953.19,27,3600.00,0.000093
35,3239,292,23,2838,249,21,133,575670350.60,35,7100.00,0.000089
36,3262,292,23,2846,260,23,120,571207722.88,23,2300.00,0.000086
37,3289,293,23,2857,254,23,141,562531704.87,28,3700.00,0.000083
38,3308,295,23,2854,240,23,138,554753300.74,21,3900.00,0.000082
39,3336,296,23,2905,257,21,123,545339524.51,29,3800.00,0.000078
40,3369,300,23,2942,265,21,142,538564725.28,37,7300.00,0.000076
41,3388,301,23,2940,252,23,135,529009334.44,20,2900.00,0.000073
42,3409,303,24,2965,250,23,136,520285913.00,24,14100.00,0.000070
43,3431,305,24,3008,263,23,121,513089132.07,24,4200.00,0.000068
44,3455,308,25,3011,265,22,150,498891870.82,28,15400.00,0.000065
45,3483,312,25,3019,265,18,139,481126174.09,32,6800.00,0.000063
46,3516,316,26,3057,272,21,150,471974801.43,38,17300.00,0.000060
47,3560,320,26,2997,274,21,200,449877178.00,48,8400.00,0.000056
48,3586,322,27,2948,280,20,182,445549163.66,29,14600.00,0.000056
49,3626,324,27,2986,282,22,197,448686034.06,42,6000.00,0.000056
50,3649,327,28,3022,282,19,178,481118431.46,27,15300.00,0.000067
51,3679,329,28,3086,276,21,178,468489421.17,32,5000.00,0.000062
52,3720,333,28,3027,267,24,242,442850965.84,45,8100.00,0.000056
53,3765,339,28,2921,269,20,267,442509901.26,51,10500.00,0.000059
54,3808,349,28,2940,271,24,260,451784253.17,53,14300.00,0.000059
55,3846,352,28,3011,267,24,249,439977297.75,41,6800.00,0.000057
56,3882,356,30,3080,283,20,235,483074330.59,42,27600.00,0.000070
57,3935,362,30,3164,292,24,239,468719633.32,59,11300.00,0.000062
58,3974,364,30,3176,288,24,251,436667297.54,41,5900.00,0.000056
59,4036,367,30,3155,294,22,283,446860060.23,65,9200.00,0.000060
60,4081,370,31,3184,290,28,264,450074026.87,49,17500.00,0.000058
61,4122,375,32,3282,271,28,258,489158798.38,47,19100.00,0.000069
62,4180,382,32,3389,290,25,243,468247788.71,65,12800.00,0.000064
63,4213,390,33,3422,315,20,250,432447536.53,42,21300.00,0.000057
64,4263,395,33,3404,306,20,279,442887073.98,55,10000.00,0.000062
65,4323,399,33,3461,318,27,255,443133308.81,64,10000.00,0.000058
66,4364,405,34,3553,335,29,244,487730400.41,48,20100.00,0.000067
67,4411,406,34,3605,335,27,246,462784548.22,48,5700.00,0.000062
68,4461,411,34,3604,331,30,276,453391325.08,55,10000.00,0.000059
69,4497,417,36,3631,352,30,242,441281420.59,44,29600.00,0.000056
70,4544,424,36,3715,365,26,257,442721156.55,55,11800.00,0.000058
71,4591,428,37,3743,345,30,266,449651407.42,52,18700.00,0.000060
72,4639,432,37,3782,338,34,263,449279081.72,52,8800.00,0.000058
73,4683,433,38,3825,352,37,256,491128678.40,46,15400.00,0.000067
74,4726,443,39,3895,368,37,248,476089909.69,54,24300.00,0.000062
75,4772,445,39,3923,359,36,272,451377016.18,48,6600.00,0.000058
76,4815,451,39,3938,365,35,260,445931402.19,49,10300.00,0.000059
77,4861,456,39,4044,365,35,246,449029508.17,51,9600.00,0.000059
78,4914,459,39,4145,369,35,239,446091159.40,56,8300.00,0.000058
79,4960,462,39,4129,388,31,270,433270322.16,49,7600.00,0.000057
80,4993,465,40,4084,383,33,272,485100376.04,37,16300.00,0.000070
81,5042,471,40,4172,376,39,257,468828578.30,55,10900.00,0.000062
82,5093,479,40,4225,397,36,277,442457637.80,59,13100.00,0.000057
83,5138,489,40,4264,409,32,262,441854040.90,56,14600.00,0.000059
84,5195,492,40,4355,403,36,263,449632823.23,60,8700.00,0.000059
85,5246,494,40,4392,401,34,270,429468913.04,53,7100.00,0.000056
86,5294,502,41,4425,416,30,268,484493196.06,57,22800.00,0.000072
87,5349,506,41,4524,420,32,250,460162289.20,59,9500.00,0.000062
88,5397,513,41,4554,428,35,274,448138613.35,55,11800.00,0.000059
89,5442,517,41,4539,444,39,268,451967765.07,50,8600.00,0.000058
90,5480,522,41,4637,443,37,242,440863232.56,43,8800.00,0.000057
91,5527,527,42,4662,449,35,281,490253064.73,53,19700.00,0.000071
92,5577,532,42,4688,466,37,253,472809039.66,55,10000.00,0.000063
93,5617,539,42,4819,455,40,240,453826410.51,47,11000.00,0.000058
94,5662,543,42,4843,450,38,268,441547970.56,51,8700.00,0.000058
95,5701,546,42,4815,463,36,267,445266863.67,42,6900.00,0.000060
96,5750,552,42,4866,475,38,264,448259435.05,55,10900.00,0.000058
97,5792,554,42,4935,474,38,256,439792527.02,44,6200.00,0.000057
98,5847,557,43,4954,476,38,287,447338934.79,61,18700.00,0.000059
99,5909,560,43,5018,488,36,262,437614748.99,65,9200.00,0.000057
100,5969,568,44,5103,493,33,281,477422012.48,69,24000.00,0.000069
101,6019,578,44,5123,498,37,275,461836956.73,60,15000.00,0.000062
102,6077,584,45,5171,504,42,283,491829781.22,66,21900.00,0.000068
103,6118,587,46,5199,500,40,279,467917591.73,45,17100.00,0.000063
104,6164,594,46,5251,504,41,274,445561825.46,53,11600.00,0.000058
105,6222,598,46,5300,509,42,291,448972814.60,62,9800.00,0.000059
106,6276,605,46,5372,512,42,272,445844048.47,62,12500.00,0.000059
107,6333,609,47,5436,522,44,285,450700796.61,63,19800.00,0.000058
108,6388,617,47,5476,543,38,276,435173920.17,63,13500.00,0.000057
109,6439,620,47,5559,549,35,264,437006328.24,54,8100.00,0.000060
110,6495,624,47,5624,551,41,269,446938660.11,61,10600.00,0.000059
111,6554,628,47,5643,566,41,283,444643893.68,63,9900.00,0.000058
112,6607,632,47,5669,566,37,285,437155778.17,58,9400.00,0.000059
113,6654,638,47,5742,566,35,271,439693125.43,55,11800.00,0.000060
114,6692,644,47,5799,574,39,265,445933827.90,44,9800.00,0.000059
115,6733,651,47,5864,560,45,263,448596326.26,49,11200.00,0.000058
116,6791,654,47,5904,554,45,287,439774160.41,61,8800.00,0.000057
117,6832,659,47,5947,569,39,258,435901568.29,46,9100.00,0.000059
118,6871,662,48,5981,572,41,281,489766463.15,44,17000.00,0.000072
119,6919,666,48,6002,575,43,274,464362076.35,52,8800.00,0.000062
120,6962,673,48,6063,578,44,278,453964561.77,52,11500.00,0.000060
121,7012,678,48,6077,590,44,290,437270385.48,55,10000.00,0.000057
122,7062,682,48,6092,615,40,287,444941279.02,54,9000.00,0.000060
123,7124,689,49,6154,604,40,308,483932026.83,71,23300.00,0.000071
124,7180,691,49,6266,596,36,270,451488645.29,60,7800.00,0.000064
125,7232,694,49,6298,609,35,305,436343171.96,55,8200.00,0.000061
126,7286,697,50,6334,611,43,274,451027201.73,58,18400.00,0.000060
127,7331,701,50,6402,612,45,291,439527835.78,49,8500.00,0.000057
128,7387,705,51,6438,601,42,295,482671405.86,61,19600.00,0.000072
129,7429,710,51,6537,597,44,265,459293129.86,47,9200.00,0.000063
130,7483,714,51,6613,599,43,285,433521682.96,59,9500.00,0.000058
131,7526,719,51,6641,630,43,261,443857636.76,49,9400.00,0.000060
132,7586,726,51,6687,650,49,286,451159648.87,67,13000.00,0.000058
133,7640,733,51,6710,637,49,293,448439386.53,62,12500.00,0.000058
134,7696,738,51,6778,646,47,276,446819869.04,61,10600.00,0.000059
135,7749,740,52,6822,639,47,300,483408409.38,57,17400.00,0.000069
136,7798,746,52,6864,618,49,289,461578305.39,55,10900.00,0.000063
137,7850,751,52,6941,640,46,281,433309881.56,58,10300.00,0.000057
138,7901,760,52,6960,658,42,305,441682999.81,60,14100.00,0.000061
139,7941,765,53,6962,657,44,296,482179361.87,46,19000.00,0.000072
140,7996,768,54,7031,670,42,294,451586229.33,59,18500.00,0.000063
141,8060,775,54,7063,697,47,312,453364072.61,71,13400.00,0.000060
142,8110,777,54,7136,702,52,276,444689394.00,53,7100.00,0.000057
143,8147,781,54,7232,703,52,269,452153998.28,41,7700.00,0.000059
144,8195,788,54,7316,697,50,268,442884644.35,57,12000.00,0.000058
145,8235,789,54,7403,699,48,246,442442835.40,41,5000.00,0.000059
146,8281,790,54,7427,724,48,263,432982640.50,49,5800.00,0.000056
147,8326,790,54,7427,715,44,278,420935530.78,46,4600.00,0.000056
148,8378,795,55,7455,704,46,287,485793412.01,59,20300.00,0.000073
149,8430,803,55,7492,722,46,287,459762586.34,60,13200.00,0.000063
150,8478,808,55,7570,735,47,265,442131793.36,54,9900.00,0.000058
151,8533,813,55,7648,719,49,285,439038416.82,60,10500.00,0.000058
152,8582,818,56,7658,712,47,294,443714985.60,57,20100.00,0.000061
153,8632,824,57,7695,729,49,284,486908243.66,57,21000.00,0.000071
154,8678,825,57,7746,726,52,286,461903557.98,47,5600.00,0.000062
155,8726,830,57,7770,736,53,293,448506939.79,55,10900.00,0.000059
156,8775,835,59,7842,761,53,271,486692050.78,57,30000.00,0.000068
157,8812,839,60,7884,760,51,288,459663824.70,43,18700.00,0.000062
158,8867,842,61,7905,765,53,288,447200326.82,60,18600.00,0.000059
159,8897,849,61,7908,761,50,306,430371253.73,38,10100.00,0.000059
160,8959,860,61,7929,768,51,318,448077232.46,75,17400.00,0.000063
161,9009,863,61,8053,783,57,268,446273043.88,54,8100.00,0.000058
162,9063,868,61,8165,780,51,287,430770173.69,59,10400.00,0.000058
163,9101,873,61,8155,787,49,287,440760362.08,44,8900.00,0.000062
164,9162,876,61,8203,794,57,291,449931563.95,65,9200.00,0.000059
165,9208,879,61,8283,785,59,280,448495182.91,52,7900.00,0.000058
166,9267,882,62,8330,790,49,301,471805815.31,64,19000.00,0.000071
167,9315,886,62,8382,799,49,274,450185336.03,52,8800.00,0.000063
168,9352,890,62,8449,810,56,267,442352969.06,41,7700.00,0.000057
169,9406,893,62,8511,816,56,272,445719557.18,58,8500.00,0.000059
170,9452,898,62,8542,810,60,283,450164424.38,51,9600.00,0.000059
171,9504,903,62,8556,821,58,289,442461341.56,58,10300.00,0.000058
172,9566,908,62,8618,804,58,303,449452946.05,68,11300.00,0.000060
173,9613,911,63,8692,801,62,274,491619199.47,52,17800.00,0.000070
174,9664,917,63,8740,822,60,293,468270731.93,58,11200.00,0.000063
175,9722,931,63,8751,813,61,320,450108096.97,74,20900.00,0.000059
176,9780,937,63,8804,839,61,290,443908791.19,66,12000.00,0.000057
177,9831,942,63,8876,847,59,302,446324470.43,59,10400.00,0.000059
178,9880,946,64,8918,831,61,297,452100034.03,55,19900.00,0.000061
179,9932,948,64,8977,854,59,287,440479559.10,56,7400.00,0.000058
180,9979,950,65,9046,868,56,283,480098273.59,54,17100.00,0.000070
181,10016,956,66,9078,880,56,281,455664241.74,45,19800.00,0.000062
182,10079,960,67,9137,880,61,290,450245099.77,68,20300.00,0.000059
183,10131,968,67,9164,880,58,308,432153850.56,62,14300.00,0.000058
184,10196,977,68,9143,880,57,342,485292429.87,75,25500.00,0.000074
185,10247,983,68,9229,884,59,289,456707885.65,59,11300.00,0.000063
186,10304,985,68,9394,899,60,278,440574898.98,64,8200.00,0.000058
187,10371,988,69,9371,913,64,334,446689577.36,73,19900.00,0.000058
188,10423,991,69,9386,917,66,289,450917571.89,56,8300.00,0.000059
189,10479,996,69,9565,904,67,275,448168391.89,62,10700.00,0.000058
190,10540,1001,70,9607,901,65,309,449826262.32,67,21100.00,0.000060
191,10591,1006,70,9577,910,61,314,440373128.19,58,10300.00,0.000060
192,10638,1012,71,9658,919,62,284,483397354.35,54,20700.00,0.000071
193,10687,1019,71,9799,934,66,261,464158698.02,57,12000.00,0.000061
194,10740,1025,73,9830,924,65,310,484370863.04,63,31500.00,0.000070
195,10790,1028,73,9779,923,59,315,447912765.54,54,8100.00,0.000064
196,10842,1034,73,9870,957,65,271,448985548.74,59,11300.00,0.000060
197,10900,1038,74,9990,964,67,288,479039800.67,65,20000.00,0.000067
198,10951,1045,74,10020,972,67,282,464226548.06,60,12300.00,0.000063
199,10993,1047,74,10026,962,72,300,445873470.01,46,7300.00,0.000057
200,11034,1055,74,10041,935,66,311,431660090.74,51,13200.00,0.000060
201,11089,1059,77,10065,955,66,317,487503396.77,63,39600.00,0.000074
202,11138,1067,77,10132,989,72,290,472313286.14,59,13100.00,0.000063
203,11179,1068,77,10185,983,77,301,450401748.53,42,5100.00,0.000057
204,11222,1074,77,10248,981,77,279,449587014.61,50,10400.00,0.000058
205,11280,1083,77,10311,986,75,317,445583739.90,70,15100.00,0.000058
206,11339,1086,77,10338,984,73,306,447850615.35,64,9100.00,0.000060
207,11383,1090,78,10412,975,65,304,468144122.38,52,18700.00,0.000071
208,11428,1092,78,10491,974,65,282,443668415.35,48,6600.00,0.000063
209,11488,1098,79,10555,978,72,309,481633021.41,70,23200.00,0.000070
210,11530,1101,79,10604,986,70,276,453891507.86,46,7300.00,0.000063
211,11568,1108,82,10592,1018,69,315,479813767.39,52,41200.00,0.000071
212,11624,1114,83,10612,1019,73,304,460044491.61,64,21700.00,0.000063
213,11675,1120,84,10718,1020,78,292,483276639.87,61,22300.00,0.000068
214,11720,1124,84,10726,1028,79,315,462216487.59,52,9700.00,0.000063
215,11770,1127,85,10819,1042,82,261,446074080.44,56,18200.00,0.000057
216,11824,1132,86,10918,1050,82,297,492435710.80,63,20700.00,0.000069
217,11875,1135,87,10918,1045,81,291,466284467.70,56,19100.00,0.000063
218,11931,1143,87,10964,1064,78,299,444402172.53,66,13800.00,0.000059
219,11979,1148,87,11023,1061,81,287,444453346.39,54,10800.00,0.000059
220,12028,1150,87,11107,1065,83,272,442353416.98,52,7000.00,0.000058
221,12081,1155,88,11121,1082,83,305,489640464.45,61,20500.00,0.000070
222,12126,1162,89,11130,1068,79,305,456362215.04,55,22600.00,0.000063
223,12179,1164,90,11161,1059,80,323,485924299.47,61,17800.00,0.000072
224,12232,1169,91,11258,1072,87,282,468677923.49,64,20800.00,0.000063
225,12289,1172,92,11349,1098,84,296,438649707.08,63,18900.00,0.000057
226,12324,1177,92,11362,1107,83,279,446767100.28,42,8700.00,0.000060
227,12379,1180,94,11447,1088,86,291,483282301.25,62,28700.00,0.000070
228,12438,1187,94,11490,1091,82,304,452167358.72,68,13100.00,0.000063
229,12501,1193,94,11567,1104,86,283,446997684.48,71,13400.00,0.000060
230,12557,1199,95,11610,1115,92,304,450471178.20,65,21800.00,0.000058
231,12606,1203,96,11609,1119,92,302,489686132.81,57,19200.00,0.000069
232,12652,1213,96,11707,1139,93,269,475840917.80,58,14800.00,0.000064
233,12705,1216,97,11768,1151,92,294,492399989.99,58,18400.00,0.000069
234,12761,1220,97,11806,1141,88,290,465182421.72,63,9900.00,0.000065
235,12818,1225,97,11867,1126,87,308,435552973.79,66,12000.00,0.000059
236,12871,1225,97,11897,1140,89,289,437428933.67,55,5500.00,0.000059
237,12909,1231,97,11982,1145,91,274,441427245.30,47,11000.00,0.000058
238,12958,1242,97,12097,1131,87,273,434097539.88,61,16000.00,0.000059
239,13001,1245,97,12129,1143,85,276,437178479.02,48,7500.00,0.000061
240,13063,1248,97,12106,1154,87,315,439598102.06,68,9500.00,0.000060
241,13113,1251,99,12129,1147,93,303,452425870.50,63,28800.00,0.000061
242,13158,1255,99,12205,1158,93,287,440658701.66,51,9600.00,0.000058
243,13211,1263,99,12267,1173,91,294,441127273.91,64,14500.00,0.000060
244,13258,1269,99,12294,1171,93,303,448952750.69,56,11000.00,0.000061
245,13320,1271,101,12305,1173,93,320,478836003.92,66,28200.00,0.000069
246,13370,1275,101,12340,1177,91,312,449695003.62,57,9300.00,0.000062
247,13412,1280,101,12390,1199,91,303,435869411.26,52,10600.00,0.000059
248,13459,1285,101,12458,1215,93,292,449425012.67,53,9800.00,0.000061
249,13520,1289,101,12502,1196,97,327,448395718.33,67,10300.00,0.000060
250,13571,1292,101,12543,1195,97,300,444264825.71,55,8200.00,0.000059
251,13622,1293,101,12632,1211,95,295,437114037.86,54,6300.00,0.000058
252,13675,1300,101,12661,1218,93,317,441717983.22,62,13400.00,0.000060
253,13731,1307,101,12764,1211,89,287,436194247.28,66,12900.00,0.000061
254,13783,1314,101,12863,1210,87,298,435651119.91,61,12400.00,0.000061
255,13843,1315,102,12895,1223,95,289,486052656.93,63,17100.00,0.000070
256,13898,1321,104,12973,1238,99,287,465117948.37,69,32100.00,0.000061
257,13955,1328,105,13061,1243,100,278,452172990.76,68,23000.00,0.000058
258,14009,1331,105,13064,1259,100,298,438180309.98,58,8500.00,0.000056
259,14063,1337,105,13065,1266,95,301,437386427.16,60,11400.00,0.000060
260,14111,1343,106,13157,1255,95,285,482657024.07,57,21000.00,0.000072
261,14159,1347,107,13201,1263,97,300,458126311.05,56,19100.00,0.000062
262,14206,1352,107,13221,1273,100,294,445868735.98,55,10000.00,0.000059
263,14258,1354,107,13287,1279,101,292,443045351.37,58,8500.00,0.000059
264,14325,1360,108,13364,1302,101,291,488361612.84,76,22900.00,0.000069
265,14373,1368,108,13358,1300,103,321,466037551.48,57,12900.00,0.000062
266,14431,1372,109,13401,1304,102,295,485495264.62,66,20100.00,0.000069
267,14478,1377,110,13513,1302,100,299,457780098.16,61,20500.00,0.000063
268,14533,1385,110,13575,1280,101,306,443672783.51,66,13800.00,0.000060
269,14592,1390,111,13626,1295,98,303,475424845.57,70,22300.00,0.000071
270,14643,1395,111,13673,1329,96,290,448927017.20,58,10300.00,0.000063
271,14687,1398,112,13726,1328,99,289,474692339.56,51,17700.00,0.000069
272,14747,1402,112,13773,1313,99,308,442746046.68,64,10000.00,0.000061
273,14798,1407,113,13831,1320,104,287,486562412.82,60,21300.00,0.000071
274,14848,1414,113,13945,1324,106,276,461043001.58,60,12300.00,0.000062
275,14899,1417,113,13934,1331,107,312,447203975.19,55,8200.00,0.000059
276,14965,1421,115,13980,1340,111,290,450458302.53,75,30900.00,0.000059
277,15006,1425,115,14039,1329,109,311,443709436.60,50,8600.00,0.000059
278,15067,1427,115,14075,1325,103,305,428929446.33,67,8500.00,0.000060
279,15121,1429,116,14162,1335,105,293,479837375.62,59,17600.00,0.000072
280,15159,1433,116,14243,1353,111,259,460650355.21,42,7800.00,0.000061
281,15215,1437,118,14317,1351,110,290,487843701.01,63,29700.00,0.000070
282,15254,1441,118,14347,1335,110,276,463624375.05,45,8100.00,0.000064
283,15321,1446,119,14397,1349,114,301,445809150.00,77,22100.00,0.000058
284,15377,1452,119,14434,1365,108,294,431503967.34,65,11900.00,0.000058
285,15444,1456,119,14479,1360,109,314,444546106.33,74,11000.00,0.000062
286,15496,1463,119,14487,1374,115,305,447696775.68,59,12200.00,0.000059
287,15547,1468,119,14556,1372,117,300,452255181.61,59,11300.00,0.000059
288,15600,1471,121,14628,1367,115,303,487011151.93,60,28500.00,0.000071
289,15644,1474,121,14679,1372,111,292,458435793.31,49,7600.00,0.000064
290,15700,1479,122,14776,1379,113,282,441220246.48,63,20700.00,0.000059
291,15737,1481,122,14836,1402,115,265,446941831.06,41,15800.00,0.000059
292,15778,1484,122,14858,1413,114,283,437279399.67,49,7600.00,0.000058
293,15839,1491,122,14867,1407,112,313,441171324.02,70,14200.00,0.000061
294,15884,1491,122,14880,1398,114,299,430240201.18,46,4600.00,0.000058
295,15938,1493,122,14921,1401,116,312,440873970.53,58,7600.00,0.000059
296,15997,1500,122,14932,1389,120,344,450481867.04,70,14200.00,0.000060
297,16054,1508,122,15004,1385,118,318,443220746.71,69,15000.00,0.000060
298,16109,1512,122,15133,1416,116,290,442322168.36,62,9800.00,0.000059
299,16156,1516,124,15194,1438,120,294,451143043.77,56,29000.00,0.000058
300,16218,1524,124,15219,1424,118,331,442928592.63,78,15000.00,0.000059
301,16264,1528,124,15294,1422,118,283,487633291.24,55,19000.00,0.000072
302,16304,1533,124,15382,1442,116,282,458080214.80,47,9200.00,0.000063
303,16358,1536,124,15394,1448,114,306,436404803.16,61,8800.00,0.000059
304,16403,1540,124,15374,1463,114,312,436899390.50,52,8800.00,0.000060
305,16459,1547,125,15438,1474,110,307,475512665.90,69,23100.00,0.000071
306,16526,1552,125,15559,1472,108,301,442518331.22,75,12000.00,0.000062
307,16569,1557,125,15639,1453,111,288,437843255.01,50,9500.00,0.000061
308,16619,1560,125,15652,1456,111,312,433649204.07,58,8500.00,0.000061
309,16663,1564,125,15667,1471,113,298,444037394.53,52,9700.00,0.000062
310,16711,1566,125,15719,1472,115,304,432430488.99,51,6900.00,0.000059
311,16770,1571,125,15747,1480,115,321,440415712.34,69,11400.00,0.000061
312,16828,1575,125,15865,1494,109,282,426485269.06,67,10300.00,0.000059
313,16881,1577,127,15918,1507,111,308,478387298.08,58,27400.00,0.000072
314,16931,1579,127,15886,1493,121,320,454590237.93,56,8300.00,0.000060
315,16984,1584,127,15995,1501,123,279,447666774.55,60,10500.00,0.000058
316,17034,1588,128,16099,1507,119,293,473581816.42,56,19100.00,0.000068
317,17091,1595,129,16122,1508,119,306,452069808.41,70,23200.00,0.000062
318,17147,1597,129,16136,1512,120,315,436147274.83,60,7800.00,0.000058
319,17202,1603,129,16191,1513,121,304,445558269.85,64,11800.00,0.000061
320,17242,1611,129,16285,1517,127,288,448947244.16,56,13700.00,0.000058
321,17300,1617,129,16330,1531,123,310,437548950.97,67,12100.00,0.000058
322,17349,1623,129,16298,1537,113,332,431900045.57,58,12100.00,0.000062
323,17410,1629,129,16344,1545,117,316,448096020.65,70,12400.00,0.000063
324,17467,1633,130,16461,1545,125,308,484679705.63,69,21300.00,0.000068
325,17516,1642,132,16512,1529,121,326,449482530.12,62,34100.00,0.000062
326,17568,1649,133,16573,1539,124,294,490522240.73,61,22300.00,0.000073
327,17610,1651,133,16672,1554,132,280,472320354.53,47,7400.00,0.000062
328,17666,1654,133,16730,1569,129,289,444517522.27,61,8800.00,0.000058
329,17714,1657,133,16722,1575,129,308,449895939.06,52,8800.00,0.000060
330,17766,1659,133,16770,1568,127,297,440205827.24,59,8600.00,0.000059
331,17816,1666,133,16854,1577,123,299,442094318.86,62,12500.00,0.000061
332,17867,1671,135,16852,1589,129,316,451471197.96,59,30200.00,0.000060
333,17907,1674,135,16902,1610,129,279,444552225.63,49,10300.00,0.000057
334,17950,1678,137,17027,1607,131,278,492562655.43,54,28800.00,0.000070
335,18000,1684,137,17081,1572,125,304,449498777.80,59,11300.00,0.000063
336,18055,1689,137,17106,1580,123,294,442057386.71,61,10600.00,0.000063
337,18104,1693,137,17118,1604,133,305,449502648.74,55,9100.00,0.000059
338,18154,1695,137,17143,1611,133,302,436892410.35,55,9100.00,0.000057
339,18206,1702,137,17198,1615,129,310,440087155.83,61,12400.00,0.000060
340,18256,1710,138,17274,1609,131,303,486058995.82,66,25500.00,0.000071
341,18314,1713,138,17326,1604,131,320,456638098.37,65,9200.00,0.000062
342,18366,1716,138,17350,1612,132,308,444163394.78,58,9400.00,0.000060
343,18412,1721,138,17408,1623,134,303,448912040.60,53,9800.00,0.000060
344,18464,1727,139,17476,1632,136,298,454519871.97,60,21300.00,0.000060
345,18527,1731,139,17496,1639,138,332,453316874.30,71,11600.00,0.000059
346,18581,1735,139,17556,1647,125,299,412200562.35,59,9500.00,0.000057
347,18620,1740,140,17659,1657,123,290,473265328.45,51,19500.00,0.000074
348,18670,1748,140,17701,1673,131,301,447415254.34,65,13700.00,0.000059
349,18721,1753,140,17732,1692,132,296,449393504.79,60,10500.00,0.000059
350,18777,1755,140,17772,1682,136,309,444937672.12,61,7900.00,0.000058
351,18829,1763,140,17845,1655,136,304,446319300.51,63,13500.00,0.000060
352,18882,1768,141,17895,1659,134,312,441213229.95,61,20500.00,0.000060
353,18930,1769,141,17943,1685,126,293,423335357.51,55,6400.00,0.000059
354,18968,1775,141,18028,1684,131,284,445852377.33,48,10200.00,0.000062
355,19016,1777,142,18074,1689,137,290,441927611.66,56,17300.00,0.000057
356,19063,1784,143,18114,1705,133,289,484956767.48,57,21900.00,0.000071
357,19124,1787,143,18236,1695,130,273,450632884.46,68,10400.00,0.000063
358,19178,1792,143,18275,1690,133,303,448125931.75,62,11600.00,0.000062
359,19247,1795,144,18234,1693,137,331,480343364.06,77,20300.00,0.000070
360,19297,1797,145,18264,1718,135,303,455838456.18,59,27500.00,0.000063
361,19347,1802,145,18391,1723,138,284,444678303.07,61,10600.00,0.000058
362,19390,1808,145,18477,1697,135,297,433005397.93,55,20800.00,0.000060
363,19456,1813,146,18455,1692,133,340,477827909.56,75,22800.00,0.000074
364,19516,1823,148,18450,1728,139,323,459107330.27,75,36300.00,0.000062
365,19569,1825,149,18540,1751,140,302,441498620.73,58,17500.00,0.000057
366,19616,1828,149,18672,1737,142,278,447862453.64,54,9000.00,0.000061
367,19657,1832,149,18755,1729,139,283,424926860.63,47,8300.00,0.000058
368,19707,1842,149,18782,1742,137,294,441673546.45,64,15400.00,0.000062
369,19748,1843,149,18813,1758,137,281,429705258.86,46,5500.00,0.000058
370,19797,1845,149,18895,1776,135,268,435096065.14,57,8400.00,0.000060
371,19856,1852,149,18916,1753,143,323,450151229.53,70,14200.00,0.000061
372,19902,1859,150,18873,1757,147,316,448012089.42,62,23300.00,0.000059
373,19955,1862,151,18934,1782,145,304,487813260.19,60,18600.00,0.000070
374,20023,1865,151,19004,1791,140,318,454834677.91,74,10100.00,0.000063
375,20090,1871,153,19059,1804,141,322,488584707.93,84,43500.00,0.000072
376,20143,1876,153,19139,1801,149,299,472313736.05,62,10700.00,0.000063
377,20192,1883,154,19220,1803,153,291,453848027.26,59,23000.00,0.000057
378,20237,1888,154,19301,1802,149,283,440564886.37,55,10000.00,0.000058
379,20301,1892,154,19398,1797,148,286,443222706.78,71,10700.00,0.000060
380,20355,1895,156,19441,1808,150,288,488311844.05,63,28800.00,0.000070
381,20414,1896,157,19489,1818,144,292,453850234.38,69,17700.00,0.000063
382,20468,1896,158,19567,1813,142,277,473193719.16,58,16600.00,0.000071
383,20514,1899,158,19592,1818,147,291,448026475.35,55,8200.00,0.000061
384,20569,1902,158,19586,1808,154,313,451418726.84,62,9800.00,0.000060
385,20630,1908,158,19632,1815,154,305,442705293.14,71,12500.00,0.000058
386,20692,1911,158,19665,1824,154,327,452988440.06,68,9500.00,0.000061
387,20745,1916,159,19710,1810,152,316,475732045.09,63,20700.00,0.000069
388,20802,1923,159,19830,1823,148,293,450348390.55,66,12900.00,0.000063
389,20851,1929,159,19927,1844,153,278,446332418.13,57,11100.00,0.000058
390,20891,1934,159,19990,1855,153,272,442753266.20,50,10400.00,0.000058
391,20932,1937,160,20019,1869,153,272,490479891.25,45,17100.00,0.000071
392,20984,1940,160,20025,1856,151,310,457764945.24,61,9700.00,0.000063
393,21022,1947,160,20038,1853,150,292,442197813.58,47,11000.00,0.000061
394,21080,1950,161,20072,1866,154,318,485946104.06,67,20200.00,0.000070
395,21130,1951,161,20174,1879,156,264,467400816.17,55,7300.00,0.000063
396,21179,1959,161,20252,1886,157,302,448277977.30,63,13500.00,0.000058
397,21240,1967,163,20240,1871,157,328,449230784.26,80,36800.00,0.000060
398,21297,1969,163,20351,1861,157,281,441472360.49,64,9100.00,0.000059
399,21361,1975,164,20446,1865,161,306,489839069.51,74,23600.00,0.000070
400,21408,1981,164,20455,1897,157,288,462774552.74,60,12300.00,0.000063
401,21460,1981,164,20447,1913,146,323,413341229.75,54,5400.00,0.000058
402,21504,1986,164,20464,1887,150,308,434559921.10,51,10500.00,0.000063
403,21549,1991,164,20572,1891,158,287,443465583.51,52,9700.00,0.000059
404,21594,1992,164,20624,1918,156,293,437179111.39,50,5900.00,0.000058
405,21642,2000,165,20691,1921,154,286,437648936.33,60,23100.00,0.000059
406,21689,2009,166,20760,1928,156,290,488885166.94,63,24300.00,0.000071
407,21733,2017,166,20804,1946,159,280,466344132.26,58,13000.00,0.000062
408,21788,2024,168,20825,1951,158,309,483639016.39,66,32700.00,0.000069
409,21839,2025,169,20857,1935,162,294,463414333.37,56,17300.00,0.000063
410,21894,2031,170,20974,1946,164,275,442759431.68,65,21800.00,0.000057
411,21949,2038,171,21011,1947,161,316,482529219.32,69,24000.00,0.000070
412,21994,2044,171,21040,1927,162,292,453702691.74,56,11900.00,0.000063
413,22036,2049,171,21085,1954,167,291,452407410.16,51,10500.00,0.000060
414,22085,2052,173,21104,1954,165,309,478758080.81,56,28100.00,0.000069
415,22136,2055,174,21154,1951,161,300,452240816.75,58,18400.00,0.000064
416,22196,2059,175,21207,1966,167,310,483374196.98,67,21100.00,0.000069
417,22248,2067,175,21266,1969,170,300,461437793.28,63,13500.00,0.000062
418,22289,2072,175,21352,1989,171,274,443933558.31,52,9700.00,0.000057
419,22333,2075,176,21374,2007,169,302,482929994.02,54,18000.00,0.000069
420,22379,2082,178,21369,2000,169,311,458963850.04,60,33000.00,0.000062
421,22419,2087,180,21389,2003,172,308,490015188.84,49,29200.00,0.000070
422,22472,2091,181,21463,1998,174,304,464522501.30,61,19600.00,0.000063
423,22533,2095,181,21559,1985,178,309,452707813.62,70,10600.00,0.000060
424,22579,2097,182,21592,2001,175,302,477461077.34,53,17000.00,0.000069
425,22623,2104,182,21677,2007,171,282,450387220.87,54,11700.00,0.000063
426,22666,2108,182,21781,2003,170,276,434600669.48,52,8800.00,0.000060
427,22724,2112,182,21833,2026,174,283,452675677.99,69,12300.00,0.000061
428,22771,2115,182,21862,2022,180,291,446064083.99,59,8600.00,0.000058
429,22820,2121,183,21914,2006,178,293,448180417.27,65,21800.00,0.000061
430,22870,2126,185,21901,2035,180,311,489354932.81,63,30600.00,0.000069
431,22919,2130,185,21958,2047,183,273,471618583.23,53,8900.00,0.000062
432,22969,2135,186,21994,2064,183,307,450357728.37,57,21000.00,0.000058
433,23027,2144,186,21965,2078,181,327,447131238.10,72,15300.00,0.000058
434,23080,2152,186,22097,2051,180,289,442897965.04,63,13500.00,0.000060
435,23111,2155,186,22197,2044,180,279,442661193.04,37,6400.00,0.000060
436,23161,2162,186,22248,2058,182,282,448753648.25,59,12200.00,0.000060
437,23205,2166,186,22249,2061,180,308,443295255.75,50,8600.00,0.000060
438,23247,2170,188,22223,2072,174,314,468572351.50,52,28600.00,0.000071
439,23302,2178,190,22341,2108,174,274,448429487.84,69,34800.00,0.000062
440,23346,2181,190,22393,2106,184,306,443962625.12,50,7700.00,0.000057
441,23394,2187,190,22494,2082,184,256,438797912.74,57,11100.00,0.000059
442,23443,2189,190,22554,2085,180,305,438958043.22,55,7300.00,0.000061
443,23491,2192,192,22496,2103,184,300,446139444.16,56,28100.00,0.000060
444,23541,2194,192,22589,2113,186,281,483088034.87,58,17500.00,0.000068
445,23594,2198,192,22653,2122,188,297,462421481.54,64,12700.00,0.000062
446,23639,2201,192,22709,2122,186,274,437895081.08,52,7900.00,0.000057
447,23687,2206,192,22760,2126,186,291,447780190.59,57,10200.00,0.000060
448,23731,2213,192,22791,2137,188,279,446818514.41,55,12700.00,0.000058
449,23791,2216,192,22867,2120,182,303,428542056.23,69,10500.00,0.000058
450,23837,2222,192,22901,2119,182,288,442085678.88,55,10900.00,0.000062
451,23899,2227,192,22895,2130,184,334,435912831.87,72,11700.00,0.000059
452,23951,2229,192,22945,2132,180,292,434468006.63,57,7500.00,0.000061
453,23999,2235,193,23057,2145,182,288,483358166.46,56,20900.00,0.000072
454,24040,2239,193,23105,2161,180,277,451271292.35,46,8200.00,0.000062
455,24089,2243,193,23127,2169,185,298,451425259.14,56,9200.00,0.000060
456,24133,2245,194,23142,2149,191,303,479410411.04,50,16700.00,0.000067
457,24191,2248,195,23237,2133,189,297,453761891.51,67,21100.00,0.000062
458,24242,2253,196,23261,2143,188,322,484474412.07,62,20600.00,0.000071
459,24292,2260,197,23303,2176,189,283,466369855.71,60,22200.00,0.000064
460,24341,2267,197,23374,2179,192,308,448918775.70,58,13000.00,0.000059
461,24379,2271,197,23416,2162,191,285,443651559.20,45,8100.00,0.000060
462,24433,2276,197,23455,2191,187,307,439364059.78,61,11500.00,0.000060
463,24493,2283,197,23495,2205,185,303,437149553.19,68,13100.00,0.000060
464,24543,2286,197,23587,2194,185,290,440060205.70,55,9100.00,0.000061
465,24584,2291,197,23621,2197,191,295,453503298.10,48,9300.00,0.000062
466,24640,2294,198,23653,2192,195,309,484451986.60,63,18900.00,0.000068
467,24699,2296,198,23718,2191,193,304,460134241.61,65,8300.00,0.000063
468,24741,2302,199,23760,2202,196,298,491134336.50,50,20300.00,0.000070
469,24794,2311,201,23819,2214,194,300,465178819.87,65,34400.00,0.000063
470,24842,2315,201,23889,2238,185,285,430271483.01,55,10000.00,0.000059
471,24899,2318,202,23908,2253,189,313,445886134.33,65,19100.00,0.000062
472,24955,2324,202,23924,2247,199,314,451200509.72,68,12200.00,0.000058
473,25015,2330,202,24037,2240,200,295,488337326.89,70,22300.00,0.000069
474,25064,2338,202,24117,2248,196,297,462693963.32,62,14300.00,0.000063
475,25107,2343,203,24143,2246,194,298,482391541.37,51,20400.00,0.000071
476,25153,2352,203,24184,2248,198,300,464553882.32,60,14100.00,0.000063
477,25210,2357,203,24253,2257,201,295,443998007.95,64,10900.00,0.000057
478,25267,2361,203,24309,2276,195,294,437649173.99,61,9700.00,0.000059
479,25318,2365,203,24346,2283,191,301,435312082.11,59,9500.00,0.000060
480,25366,2368,204,24401,2267,195,299,482480683.31,57,19200.00,0.000071
481,25410,2375,205,24436,2275,199,305,460435215.51,59,22100.00,0.000062
482,25466,2378,205,24478,2296,196,299,437765256.42,61,8800.00,0.000058
483,25516,2387,205,24546,2301,197,298,440308398.15,63,14400.00,0.000059
484,25570,2391,205,24626,2292,199,293,444005490.69,62,9800.00,0.000059
485,25612,2398,205,24678,2313,193,288,434017652.04,57,12900.00,0.000060
486,25649,2403,205,24728,2331,187,276,428683132.19,47,10100.00,0.000061
487,25706,2405,206,24746,2316,189,314,469484823.85,61,17800.00,0.000072
488,25764,2410,206,24759,2309,199,306,451416100.44,64,10900.00,0.000061
489,25818,2416,206,24778,2331,204,322,447089375.32,62,11600.00,0.000057
490,25875,2418,206,24880,2344,204,283,451710485.76,67,10300.00,0.000059
491,25919,2422,206,25020,2354,204,266,443391379.96,51,8700.00,0.000056
492,25965,2425,206,25001,2364,200,308,438688367.20,56,9200.00,0.000057
493,26005,2429,207,25035,2362,200,270,488483770.53,47,18200.00,0.000071
494,26065,2437,208,25119,2339,198,319,455488513.69,72,24300.00,0.000063
495,26107,2442,208,25105,2327,199,311,443380689.43,53,9800.00,0.000061
496,26167,2444,208,25177,2357,204,298,447880543.48,70,9700.00,0.000059
497,26221,2452,208,25237,2364,206,312,448358193.15,65,14600.00,0.000058
498,26274,2457,208,25287,2356,204,301,440665663.99,62,10700.00,0.000058
499,26317,2462,209,25333,2368,196,305,474990009.60,52,20500.00,0.000072
500,26369,2465,210,25352,2373,198,311,452600691.66,56,18200.00,0.000063
501,26422,2470,210,25385,2382,205,318,445224633.76,65,11000.00,0.000058
502,26470,2474,210,25499,2391,204,276,442162779.60,54,9900.00,0.000059
503,26513,2479,210,25542,2388,204,316,443924124.18,54,10800.00,0.000060
504,26568,2486,211,25540,2374,208,322,451406954.77,68,23900.00,0.000060
505,26620,2494,211,25663,2391,210,278,451024698.01,63,13500.00,0.000058
506,26666,2503,211,25706,2422,209,305,448445165.66,56,13700.00,0.000058
507,26713,2507,212,25700,2434,203,300,481925814.32,55,20800.00,0.000070
508,26757,2513,212,25750,2427,197,311,445545490.32,53,10700.00,0.000064
509,26822,2517,213,25835,2425,200,305,441764573.71,77,22100.00,0.000061
510,26875,2520,215,25905,2431,204,307,481105899.76,64,29800.00,0.000070
511,26925,2522,215,25938,2425,205,305,452495194.09,56,7400.00,0.000062
512,26973,2528,216,25963,2436,201,316,472765811.80,60,22200.00,0.000071
513,27039,2530,217,26027,2432,203,316,486719621.40,72,18900.00,0.000074
514,27090,2535,217,26055,2428,206,327,451388797.47,57,10200.00,0.000063
515,27145,2538,217,26105,2448,207,304,442115639.65,61,9700.00,0.000060
516,27207,2542,217,26212,2463,215,307,451104898.01,74,11000.00,0.000058
517,27263,2547,217,26279,2458,211,309,429837879.08,66,11100.00,0.000056
518,27317,2551,217,26309,2448,209,317,444312086.95,60,9600.00,0.000062
519,27380,2554,218,26413,2445,211,297,480399870.56,75,20100.00,0.000070
520,27428,2558,218,26457,2467,209,313,454716999.16,59,9500.00,0.000062
521,27488,2563,218,26458,2492,212,314,447422892.68,73,11800.00,0.000059
522,27539,2566,218,26518,2490,212,311,441155650.52,60,10500.00,0.000058
523,27594,2568,218,26568,2477,210,316,443779161.00,60,8700.00,0.000061
524,27645,2575,220,26707,2470,212,275,485325515.27,64,33400.00,0.000071
525,27695,2580,220,26812,2492,210,279,458029004.40,57,10200.00,0.000062
526,27747,2586,221,26785,2509,208,308,479007547.26,61,21400.00,0.000071
527,27807,2591,222,26791,2500,212,317,456192086.25,68,21200.00,0.000063
528,27850,2595,222,26883,2500,217,282,444851032.92,54,10800.00,0.000058
529,27897,2598,224,26995,2517,216,271,482220630.58,53,27800.00,0.000069
530,27950,2605,224,27034,2533,212,289,453058240.87,63,12600.00,0.000062
531,28004,2610,225,27055,2538,218,291,453172728.74,63,21600.00,0.000060
532,28057,2611,225,27096,2529,220,298,433128060.99,59,6800.00,0.000056
533,28117,2616,227,27204,2530,221,273,452091833.35,70,31300.00,0.000060
534,28171,2623,227,27259,2533,221,305,444136426.05,68,14000.00,0.000058
535,28223,2625,228,27239,2528,221,306,488275001.07,57,17400.00,0.000072
536,28265,2628,228,27257,2531,223,311,464122488.10,55,9100.00,0.000063
537,28304,2631,228,27267,2539,220,316,439554038.01,47,8300.00,0.000059
538,28352,2635,228,27327,2564,216,293,438582060.69,55,10000.00,0.000061
539,28397,2641,228,27438,2553,216,296,439275181.06,56,11000.00,0.000061
540,28450,2645,228,27506,2543,220,293,444544576.46,60,9600.00,0.000060
541,28504,2652,228,27537,2551,226,311,452723767.47,68,14000.00,0.000059
542,28553,2654,229,27562,2545,224,309,442423897.88,56,18200.00,0.000059
543,28597,2660,229,27550,2552,218,333,434867722.99,54,10800.00,0.000061
544,28652,2665,230,27553,2574,217,331,478991506.06,64,21700.00,0.000073
545,28710,2667,230,27615,2590,223,326,461101577.53,64,8200.00,0.000062
546,28763,2672,230,27740,2559,226,309,439896229.03,60,10500.00,0.000058
547,28823,2679,231,27838,2563,222,313,484254847.90,70,24100.00,0.000073
548,28885,2680,231,27893,2610,226,294,470222362.64,69,7800.00,0.000063
549,28939,2685,231,27971,2605,227,304,443969506.52,64,10900.00,0.000057
550,28989,2688,231,27991,2584,221,316,434023723.05,56,8300.00,0.000061
551,29034,2691,231,28053,2601,219,281,438790986.02,50,7700.00,0.000062
552,29091,2697,232,28139,2600,219,313,479244017.77,69,22200.00,0.000072
553,29133,2703,232,28158,2617,221,288,456930307.44,52,10600.00,0.000063
554,29183,2708,232,28221,2643,226,288,447497123.25,59,11300.00,0.000058
555,29246,2711,233,28319,2617,228,294,485337661.51,71,19700.00,0.000069
556,29296,2715,233,28349,2624,226,295,460575038.30,56,9200.00,0.000063
557,29353,2720,233,28392,2635,229,294,449507131.43,66,11100.00,0.000059
558,29416,2721,235,28444,2633,229,308,481718016.62,67,27400.00,0.000068
559,29462,2724,235,28445,2658,223,301,452397985.05,52,8800.00,0.000062
560,29506,2732,236,28526,2641,227,298,446716350.85,58,23800.00,0.000061
561,29564,2738,236,28614,2628,225,307,436395880.77,70,12400.00,0.000060
562,29609,2743,236,28588,2656,224,320,445058407.17,54,9900.00,0.000063
563,29653,2746,236,28648,2658,228,287,439770176.69,51,7800.00,0.000059
564,29704,2755,236,28773,2665,230,288,447077096.54,64,14500.00,0.000059
565,29759,2763,238,28823,2690,232,290,491267692.63,69,34800.00,0.000069
566,29820,2766,238,28848,2689,232,313,468211368.52,71,11600.00,0.000063
567,29869,2772,238,28907,2659,234,298,443774914.32,60,11400.00,0.000059
568,29917,2774,238,28980,2672,230,287,438083001.64,54,7200.00,0.000060
569,29970,2783,238,29025,2706,228,292,442368753.34,65,14600.00,0.000060
570,30030,2784,240,29059,2692,228,321,476411262.80,73,29800.00,0.000070
571,30068,2785,241,29078,2677,228,298,445734555.44,42,15000.00,0.000063
572,30124,2789,242,29160,2700,232,290,481082540.31,65,20000.00,0.000069
573,30176,2796,242,29110,2727,235,350,458247214.76,64,12700.00,0.000061
574,30226,2799,244,29148,2717,234,301,480874443.78,59,29300.00,0.000070
575,30276,2803,244,29292,2712,232,311,453145187.39,64,20800.00,0.000063
576,30330,2811,245,29382,2725,240,279,452146406.15,65,24500.00,0.000059
577,30379,2812,245,29456,2735,242,284,440951776.32,53,7100.00,0.000056
578,30430,2816,245,29418,2737,241,323,446289578.61,59,20300.00,0.000059
579,30474,2820,246,29453,2734,241,293,487973442.65,53,19700.00,0.000070
580,30528,2827,246,29566,2730,243,304,469466866.23,68,14000.00,0.000063
581,30582,2830,246,29622,2736,240,297,435595379.53,62,8900.00,0.000057
582,30632,2832,246,29674,2747,238,293,445244308.08,57,7500.00,0.000061
583,30681,2837,246,29730,2758,238,288,438499223.72,58,10300.00,0.000059
584,30728,2843,247,29772,2762,240,295,450381005.55,57,21000.00,0.000060
585,30761,2845,248,29851,2751,240,265,477306424.45,42,16800.00,0.000068
586,30812,2850,248,29948,2761,239,275,456866346.77,63,10800.00,0.000063
587,30857,2855,248,29917,2769,240,307,436242351.73,55,10000.00,0.000058
588,30907,2861,248,29928,2774,242,290,451312679.78,59,11300.00,0.000061
589,30970,2867,248,29981,2785,244,316,441920590.32,72,12600.00,0.000057
590,31030,2871,249,30047,2783,240,298,483814414.08,69,20400.00,0.000071
591,31086,2877,249,30154,2793,244,285,468561886.76,67,22000.00,0.000063
592,31131,2880,250,30164,2793,245,310,442097987.56,54,18900.00,0.000057
593,31193,2886,253,30214,2787,243,304,490632582.57,76,43600.00,0.000073
594,31240,2890,253,30325,2806,248,269,476358275.55,56,19100.00,0.000064
595,31292,2894,253,30319,2810,251,320,449695851.99,57,9300.00,0.000058
596,31350,2899,253,30314,2808,247,313,441453630.72,69,11400.00,0.000059
597,31399,2903,253,30384,2814,247,313,449420986.13,60,9600.00,0.000061
598,31451,2907,253,30442,2821,247,305,442477410.98,62,9800.00,0.000059
599,31486,2910,253,30493,2827,247,294,444569257.41,43,7900.00,0.000059
600,31536,2918,253,30541,2841,251,299,452523498.89,61,13300.00,0.000059
601,31588,2922,253,30608,2844,249,295,445234388.61,59,11300.00,0.000058
602,31633,2928,253,30620,2840,247,320,484624538.17,56,20900.00,0.000071
603,31682,2936,253,30696,2834,251,290,465140320.58,63,13500.00,0.000062
604,31733,2940,254,30829,2816,251,294,446043524.77,62,20600.00,0.000059
605,31774,2941,254,30814,2836,251,298,445205433.06,45,5400.00,0.000059
606,31825,2942,254,30817,2866,248,303,436952855.03,58,7600.00,0.000058
607,31877,2945,254,30902,2859,248,296,448146372.11,61,9700.00,0.000061
608,31920,2947,255,30993,2860,248,278,479483691.16,53,17000.00,0.000069
609,31969,2951,256,31077,2863,244,279,451690224.40,58,20200.00,0.000063
610,32035,2955,259,31084,2847,251,327,451832458.67,78,41100.00,0.000060
611,32077,2958,260,31131,2853,248,276,473146178.26,53,17900.00,0.000069
612,32123,2964,260,31227,2871,249,285,451471475.59,57,11100.00,0.000063
613,32181,2968,260,31229,2890,254,302,443145306.04,69,10500.00,0.000058
614,32236,2970,260,31289,2894,250,287,436217149.61,63,9000.00,0.000059
615,32291,2973,260,31319,2884,252,316,444956086.98,63,9000.00,0.000061
616,32347,2980,260,31318,2878,252,325,439938699.12,69,13200.00,0.000060
617,32398,2984,261,31397,2897,254,290,489593914.64,58,19300.00,0.000071
618,32455,2990,262,31491,2910,260,299,471891193.60,68,22100.00,0.000062
619,32509,2997,262,31558,2896,259,298,445565774.61,64,12700.00,0.000058
620,32565,3004,262,31577,2906,252,319,431973578.43,67,13000.00,0.000059
621,32617,3009,262,31643,2917,248,290,440072917.35,62,11600.00,0.000063
622,32672,3013,263,31727,2924,252,301,481508038.00,65,20000.00,0.000071
623,32716,3020,263,31739,2949,256,288,463069394.11,52,12400.00,0.000062
624,32762,3026,264,31778,2961,257,299,485328748.11,59,22100.00,0.000068
625,32809,3032,264,31862,2952,255,283,459052480.74,58,11200.00,0.000063
626,32856,3037,264,31950,2938,260,287,448029573.77,60,10500.00,0.000059
627,32910,3042,265,31975,2940,260,303,484433100.40,65,20900.00,0.000069
628,32963,3042,265,32020,2935,256,297,453912800.53,62,6200.00,0.000063
629,33007,3043,265,32032,2960,257,301,481683577.66,52,16900.00,0.000070
630,33056,3047,266,32047,2964,257,309,451629769.01,57,19200.00,0.000062
631,33101,3055,268,32131,2941,255,300,476725012.16,58,33700.00,0.000071
632,33158,3062,269,32174,2959,258,318,454196764.88,71,23300.00,0.000063
633,33198,3066,272,32219,2975,262,289,479353139.13,52,38500.00,0.000068
634,33262,3071,272,32288,2984,261,313,451914073.20,72,21600.00,0.000062
635,33314,3075,272,32314,2982,264,308,440393396.24,61,9700.00,0.000059
636,33380,3079,273,32378,2969,266,323,482630938.05,74,20900.00,0.000071
637,33435,3082,273,32480,2981,268,278,462447303.74,61,8800.00,0.000063
638,33482,3087,273,32540,3007,269,298,448086654.14,57,11100.00,0.000058
639,33531,3094,274,32599,3014,267,277,485845988.70,63,23400.00,0.000070
640,33577,3099,274,32650,3015,261,302,450639415.74,58,11200.00,0.000063
641,33615,3104,274,32629,3020,266,295,451043306.61,47,11000.00,0.000061
642,33669,3109,274,32677,3021,274,304,453642242.94,63,11700.00,0.000058
643,33712,3111,275,32791,3010,272,267,486664196.28,48,16500.00,0.000069
644,33747,3117,275,32837,3021,272,287,468753304.86,45,9900.00,0.000063
645,33801,3121,276,32810,3033,275,313,453211852.94,65,20900.00,0.000058
646,33852,3126,276,32845,3043,271,303,441807382.54,61,11500.00,0.000058
647,33910,3129,276,32905,3053,272,305,451376177.75,63,9000.00,0.000060
648,33970,3133,276,32950,3060,272,313,442674774.73,69,11400.00,0.000058
649,34009,3136,276,33034,3039,272,285,445659470.47,44,7100.00,0.000060
650,34060,3139,276,33108,3023,270,308,438344296.13,60,8700.00,0.000060
651,34100,3146,276,33131,3044,270,293,449363524.58,53,12500.00,0.000061
652,34156,3152,276,33206,3071,276,290,452785879.16,69,14100.00,0.000057
653,34203,3158,276,33274,3068,274,290,488236908.14,58,21100.00,0.000068
654,34256,3161,277,33268,3062,270,326,460233699.07,66,19200.00,0.000064
655,34296,3167,277,33255,3074,266,312,435696995.38,51,10500.00,0.000060
656,34345,3172,277,33360,3063,267,300,442639066.22,59,10400.00,0.000062
657,34397,3179,278,33452,3079,267,292,479258128.80,62,22400.00,0.000071
658,34438,3187,278,33483,3104,267,292,454122608.46,52,13300.00,0.000062
659,34495,3191,279,33505,3109,270,310,483988949.56,65,20000.00,0.000070
660,34559,3195,279,33572,3115,270,306,458730395.03,78,12300.00,0.000063
661,34607,3199,279,33623,3101,271,314,442659933.82,57,10200.00,0.000060
662,34664,3201,279,33699,3103,275,282,450337871.05,61,7900.00,0.000060
663,34720,3207,279,33729,3127,273,321,437660301.95,64,11800.00,0.000058
664,34764,3209,279,33772,3125,267,282,430904627.88,49,6700.00,0.000060
665,34804,3216,280,33856,3123,273,293,452735982.88,49,21100.00,0.000062
666,34848,3226,280,33918,3133,277,276,447156560.97,58,14800.00,0.000058
667,34889,3231,281,33962,3136,274,295,444212891.87,49,19300.00,0.000059
668,34942,3236,281,33938,3126,274,323,446926531.27,61,11500.00,0.000062
669,35001,3240,281,33945,3135,275,330,440627971.49,69,10500.00,0.000060
670,35052,3246,281,34004,3160,273,309,442685332.02,59,12200.00,0.000060
671,35094,3250,281,34087,3170,275,294,445265155.31,49,9400.00,0.000059
672,35148,3258,282,34208,3184,277,278,448580763.31,68,23900.00,0.000058
673,35196,3264,284,34254,3174,273,312,481739565.29,60,31200.00,0.000070
674,35255,3268,284,34268,3154,274,310,456759587.68,66,10200.00,0.000065
675,35299,3280,284,34316,3174,280,305,446576495.26,62,17900.00,0.000059
676,35347,3288,284,34357,3196,278,306,436663115.43,61,14200.00,0.000057
677,35402,3290,284,34443,3196,274,292,434436704.93,62,8000.00,0.000060
678,35443,3294,284,34531,3210,274,274,445579190.68,52,8800.00,0.000061
679,35506,3299,284,34552,3200,278,320,441583896.97,69,11400.00,0.000059
680,35560,3302,284,34575,3196,282,296,450309916.18,63,9000.00,0.000059
681,35618,3304,284,34648,3225,282,298,441551940.59,64,8200.00,0.000056
682,35666,3307,285,34660,3234,274,313,476461527.12,58,20200.00,0.000070
683,35714,3310,286,34700,3238,270,299,446839539.12,55,18100.00,0.000064
684,35772,3313,286,34806,3243,277,285,447684048.88,63,9000.00,0.000059
685,35811,3317,286,34854,3216,278,304,430742827.97,45,8100.00,0.000058
686,35863,3323,286,34918,3213,280,284,449225840.22,63,12600.00,0.000062
687,35912,3327,286,34971,3245,284,292,446349798.83,56,10100.00,0.000057
688,35969,3330,286,35031,3263,280,278,439295920.35,65,9200.00,0.000057
689,36015,3335,288,35084,3253,278,300,481918808.98,58,30100.00,0.000070
690,36052,3338,288,35087,3246,278,288,456468447.96,43,7900.00,0.000063
691,36101,3341,289,35115,3261,282,305,486674581.60,60,18600.00,0.000070
692,36154,3350,291,35218,3250,284,288,463769467.36,70,37600.00,0.000063
693,36208,3358,291,35205,3241,285,354,448812794.58,72,16200.00,0.000060
694,36243,3360,292,35252,3244,285,269,480191221.75,44,16100.00,0.000071
695,36288,3365,293,35406,3266,283,278,454981926.01,52,19600.00,0.000063
696,36354,3370,293,35449,3280,286,290,445183529.47,76,13000.00,0.000059
697,36393,3373,293,35428,3279,289,306,444631002.83,45,7200.00,0.000059
698,36445,3379,293,35428,3298,285,302,438477831.33,60,11400.00,0.000059
699,36500,3384,294,35523,3305,283,298,482738565.73,66,21000.00,0.000071
700,36548,3387,294,35601,3303,285,288,457854063.63,56,8300.00,0.000063
701,36604,3391,295,35666,3318,288,285,489874594.18,64,20800.00,0.000070
702,36654,3396,295,35728,3315,286,289,459110737.40,60,10500.00,0.000063
703,36707,3403,295,35740,3303,287,313,444302792.96,62,13400.00,0.000060
704,36756,3408,295,35780,3304,289,293,439811464.71,58,10300.00,0.000059
705,36812,3413,296,35859,3331,287,295,444197018.63,66,21000.00,0.000060
706,36874,3415,296,35876,3352,291,308,452471300.20,67,8500.00,0.000059
707,36921,3416,296,35944,3355,292,274,438465856.04,50,5900.00,0.000056
708,36972,3421,296,36026,3341,288,300,443980110.80,59,10400.00,0.000061
709,37029,3425,297,36083,3338,290,286,488362563.43,66,20100.00,0.000071
710,37083,3426,298,36110,3367,294,303,474121490.52,64,17200.00,0.000062
711,37138,3432,299,36141,3367,293,301,445480093.98,65,21800.00,0.000057
712,37179,3435,299,36247,3332,292,282,445811081.03,50,8600.00,0.000061
713,37231,3444,299,36342,3340,297,276,451306909.59,63,15300.00,0.000059
714,37292,3445,299,36365,3367,299,296,451604198.58,68,18500.00,0.000057
715,37343,3450,299,36363,3364,293,314,438995095.66,65,11900.00,0.000059
716,37388,3453,300,36356,3355,289,324,481072361.55,55,19900.00,0.000074
717,37436,3459,300,36439,3372,291,287,457606334.34,61,12400.00,0.000063
718,37495,3466,300,36514,3385,292,322,442376025.83,73,13600.00,0.000058
719,37543,3472,301,36552,3399,294,285,490791168.12,59,21200.00,0.000071
720,37589,3475,301,36593,3396,296,320,467094483.03,58,9400.00,0.000063
721,37653,3478,301,36611,3380,295,325,440237196.76,72,10800.00,0.000059
722,37704,3485,301,36711,3383,293,299,440526195.04,63,12600.00,0.000060
723,37745,3493,301,36779,3402,293,296,442391399.30,53,12500.00,0.000060
724,37801,3502,301,36800,3405,295,323,443720475.64,71,15200.00,0.000059
725,37846,3505,302,36833,3403,299,303,491160224.47,53,17900.00,0.000070
726,37891,3509,305,36923,3426,297,288,466430068.80,59,39200.00,0.000063
727,37944,3513,305,37006,3417,298,297,453050161.18,60,9600.00,0.000060
728,37993,3519,305,37019,3415,301,308,441023293.03,60,12300.00,0.000058
729,38037,3523,305,37010,3439,297,312,442184805.21,52,8800.00,0.000060
730,38081,3527,306,37079,3431,295,298,475085811.93,52,18700.00,0.000071
